{"accuracy": 0.9525759192781604, "feature_count": 42, "training_date": "2025-09-23T14:02:40.283569"}